radius_base_m,home_height_m,lying_worst_max_n,leg_tilt_deg
0.06,0.12,13.01,15.5
0.06,0.15,16.06,12.5
0.06,0.185,19.65,10.2
0.06,0.22,23.25,8.6
0.06,0.25,26.36,7.6
0.075,0.12,10.74,20.9
0.075,0.15,13.12,17.0
0.075,0.185,15.94,13.9
0.075,0.22,18.79,11.8
0.075,0.25,21.25,10.4
0.09,0.12,9.34,26.4
0.09,0.15,11.25,21.7
0.09,0.185,13.54,17.9
0.09,0.22,15.88,15.2
0.09,0.25,17.91,13.4
0.11,0.12,8.18,33.2
0.11,0.15,9.66,27.7
0.11,0.185,11.46,23.0
0.11,0.22,13.32,19.7
0.11,0.25,14.94,17.5
0.13,0.12,7.48,39.3
0.13,0.15,8.65,33.2
0.13,0.185,10.1,27.9
0.13,0.22,11.62,24.0
0.13,0.25,12.96,21.4
0.15,0.12,7.03,44.4
0.15,0.15,7.97,38.1
0.15,0.185,9.17,32.5
0.15,0.22,10.43,28.2
0.15,0.25,11.55,25.2
