pose,leg_tilt_deg,mass_kg,com_offset_m,upright_max_n,lying_worst_max_n,lying_worst_mount_deg,ratio,lying_over_limit
home,14.08,0.5,0.0,0.843,7.885,255.0,9.36,False
home,14.08,0.5,0.02,0.843,7.421,230.0,8.8,False
home,14.08,0.5,0.04,0.843,7.057,235.0,8.37,False
home,14.08,0.5,0.06,0.843,6.823,355.0,8.1,False
home,14.08,1.0,0.0,1.686,15.77,255.0,9.36,False
home,14.08,1.0,0.02,1.686,14.841,230.0,8.8,False
home,14.08,1.0,0.04,1.686,14.114,235.0,8.37,False
home,14.08,1.0,0.06,1.686,13.646,355.0,8.1,False
mi-course,11.08,0.5,0.0,0.833,9.975,345.0,11.97,False
mi-course,11.08,0.5,0.02,0.833,9.501,170.0,11.4,False
mi-course,11.08,0.5,0.04,0.833,9.109,175.0,10.93,False
mi-course,11.08,0.5,0.06,0.833,8.809,0.0,10.57,False
mi-course,11.08,1.0,0.0,1.666,19.951,345.0,11.97,False
mi-course,11.08,1.0,0.02,1.666,19.001,170.0,11.4,False
mi-course,11.08,1.0,0.04,1.666,18.217,175.0,10.93,False
mi-course,11.08,1.0,0.06,1.666,17.617,0.0,10.57,False
