label,cmd_x_cm,cmd_y_cm,cmd_z_cm,cmd_roll_deg,cmd_pitch_deg,cmd_yaw_deg,real_x_cm,real_y_cm,real_z_cm,real_roll_deg,real_pitch_deg,real_yaw_deg,target_M1_cm,target_M2_cm,target_M3_cm,target_M4_cm,target_M5_cm,target_M6_cm,encoder_M1_cm,encoder_M2_cm,encoder_M3_cm,encoder_M4_cm,encoder_M5_cm,encoder_M6_cm,aruco_x_cm,aruco_y_cm,aruco_z_cm,truth_x_cm,truth_y_cm,truth_z_cm,aruco_error_mm
home,0,0,0,0,0,0,-0.0,-0.0,-0.1,-0.0,0.0,0.0,0.2,0.2,0.2,0.2,0.2,0.2,0.103,0.103,0.103,0.103,0.103,0.103,-0.001,-0.201,30.222,0.0,-0.1,30.0,2.44
z+3,0,0,3,0,0,0,-0.0,-0.0,2.899,-0.0,-0.0,-0.0,3.124,3.124,3.124,3.124,3.124,3.124,3.025,3.025,3.025,3.025,3.025,3.025,-0.001,2.36,30.222,-0.0,2.899,30.0,5.83
z+3 x+1,1,0,3,0,0,0,-0.612,0.087,2.975,-0.477,0.067,0.36,2.944,3.001,3.203,3.09,3.292,3.348,3.025,3.025,3.11,3.025,3.203,3.261,0.159,2.36,30.38,0.303,2.934,30.612,6.36
z+3 y+1,0,1,3,0,0,0,-0.317,-0.544,3.01,0.102,-0.092,-1.386,3.095,2.997,3.346,3.346,2.997,3.095,3.025,3.025,3.251,3.261,3.1,3.193,-0.841,2.513,30.38,-1.396,3.067,30.292,7.9
z+3 roll+5,0,0,3,5,0,0,-0.062,-1.604,2.955,4.02,-0.241,1.006,2.701,2.917,3.746,3.746,2.917,2.701,2.789,2.921,3.663,3.654,2.996,2.799,-1.518,2.668,30.38,-0.917,3.213,30.079,8.65
z+3 pitch+5,0,0,3,0,5,0,1.487,-0.24,2.983,0.312,4.571,-0.085,3.6,3.726,3.249,2.999,2.515,2.639,3.516,3.648,3.349,3.096,2.603,2.731,-0.925,0.918,29.314,-0.284,0.31,28.484,12.12
z+3 yaw+10,0,0,3,0,0,10,0.133,0.03,3.006,0.247,1.493,-7.14,3.018,3.264,3.018,3.264,3.018,3.264,3.104,3.354,3.114,3.164,2.936,3.165,-3.685,1.595,29.314,-4.302,2.098,29.615,8.51
z+5 combinee,1,-1,5,3,-3,8,-2.268,0.083,4.845,2.54,-3.281,-7.789,4.419,4.768,5.119,5.348,5.588,5.555,4.332,4.684,5.038,5.254,5.501,5.477,-5.047,6.43,31.504,-4.813,6.968,31.731,6.29
retour z+0.5,0,0,0.5,0,0,0,0.01,0.016,0.596,0.048,-0.06,0.264,0.686,0.686,0.686,0.686,0.686,0.686,0.781,0.776,0.778,0.777,0.788,0.772,0.372,1.242,30.899,0.176,0.632,29.991,11.12
