yaw_deg,condition,determinant
-180.0,6.468084010065439,-0.18692468332084214
-179.0,6.467788516165976,-0.18692349650664353
-178.0,6.466917215453395,-0.1869128661667763
-177.0,6.46547043318036,-0.186892735856278
-176.0,6.463448690764395,-0.1868630110526974
-175.0,6.460852705533952,-0.18682355900586095
-174.0,6.457683390432983,-0.18677420852623916
-173.0,6.453941853683335,-0.18671474971177937
-172.0,6.449629398405363,-0.1866449336130142
-171.0,6.4447475221989,-0.18656447183623223
-170.0,6.439297916688895,-0.18647303608444823
-169.0,6.433282467043686,-0.18637025763588055
-168.0,6.426703251478825,-0.18625572675961335
-167.0,6.419562540769118,-0.18612899206808742
-166.0,6.411862797807454,-0.18598955980604312
-165.0,6.403606677280217,-0.18583689307551615
-164.0,6.394797025589228,-0.18567041099646814
-163.0,6.385436881277695,-0.18548948780262803
-162.0,6.3755294765018915,-0.18529345187210988
-161.0,6.3650782407877475,-0.18508158469237582
-160.0,6.354086810208347,-0.18485311975911975
-159.0,6.34255905105718,-0.18460724140866433
-158.0,6.330499129604363,-0.18434308358348356
-157.0,6.317911773086795,-0.1840597285305009
-156.0,6.304803814424717,-0.18375620543185167
-155.0,6.291226224872576,-0.1834314889678534
-154.0,6.29202151445217,-0.18308449781199237
-153.0,6.297284045419782,-0.1827140930578143
-152.0,6.302527203579865,-0.1823190765776947
-151.0,6.307696964437001,-0.18189818931357338
-150.0,6.312763858464204,-0.18145010949986243
-149.0,6.317703196395653,-0.1809734508188702
-148.0,6.322491947871449,-0.18046676048924562
-147.0,6.3271079444361416,-0.1799285172881285
-146.0,6.331529629608064,-0.17935712950788332
-145.0,6.335735977580973,-0.17875093284852034
-144.0,6.339706473106018,-0.1781081882471583
-143.0,6.343421115759939,-0.17742707964614476
-142.0,6.346860434219428,-0.17670571170176344
-141.0,6.350005504355527,-0.1759421074357768
-140.0,6.352837968299602,-0.17513420583242048
-139.0,6.355340053114449,-0.17427985938385587
-138.0,6.357494588407874,-0.1733768315875217
-137.0,6.359285022579923,-0.1724227943992837
-136.0,6.360695437580199,-0.17141532564679732
-135.0,6.3617105621529415,-0.17035190640803527
-134.0,6.362315783604089,-0.16922991836052795
-133.0,6.362497158159782,-0.16804664110749395
-132.0,6.362241420013113,-0.16679924948772393
-131.0,6.361535989191574,-0.16548481087680442
-130.0,6.360368978453575,-0.16410028248805722
-129.0,6.358729199631892,-0.16264250868239097
-128.0,6.356606170540862,-0.16110821829715946
-127.0,6.353990126457492,-0.15949402200505242
-126.0,6.350872056971915,-0.15779640971504552
-125.0,6.347243978021967,-0.15601174802849163
-124.0,6.365698697009222,-0.15413627776454145
-123.0,6.556677135540354,-0.15216611157025586
-122.0,6.759989794128086,-0.15009723163199473
-121.0,6.976479284456857,-0.14792548750594836
-120.0,7.207421825728347,-0.14564659408702157
-119.0,7.454282811906522,-0.14325612973666352
-118.0,7.718740164281052,-0.14074953459168157
-117.0,8.002721793088133,-0.13812210907757072
-116.0,8.308453032368556,-0.13536901265141105
-115.0,8.63851576403158,-0.13248526280096762
-114.0,8.995922391289492,-0.1294657343282184
-113.0,9.384209096126996,-0.1263051589471658
-112.0,9.80755447194782,-0.12299812522742556
-111.0,10.270931951711756,-0.11953907891673382
-110.0,10.780307814773156,-0.11592232367714846
-109.0,11.342901501873405,-0.11214202227134591
-108.0,11.967532376173715,-0.1081921982369969
-107.0,12.66508838235181,-0.10406673808874128
-106.0,13.449169706712548,-0.09975939408874926
-105.0,14.336988734520501,-0.09526378762823784
-104.0,15.350653830081113,-0.09057341326357689
-103.0,16.519042531826535,-0.08568164345175704
-102.0,17.8806060396971,-0.08058173403096543
-101.0,19.487693974247513,-0.07526683049280437
-100.0,21.413456370722564,-0.06972997509325901
-99.0,23.76331231049183,-0.06396411484984013
-98.0,26.69494713600549,-0.0579621104723752
-97.0,30.455284334654035,-0.051716746274636224
-96.0,35.45401273987388,-0.04522074111337693
-95.0,42.424156101419456,-0.03846676040032279
-94.0,52.81944920743221,-0.03144742923122336
-93.0,69.98875662721919,-0.024155346674156992
-92.0,103.7572811685797,-0.016583101256869327
-91.0,200.73590872459962,-0.008723287689966908
-90.0,3134.3881412396636,-0.0005685248592484027
-89.0,229.86737877222376,0.007888524883693768
-88.0,110.78162267024679,0.016655135108266033
-87.0,72.9365509262777,0.025738493350210084
-86.0,54.342109603115254,0.03514567780280546
-85.0,43.2878479937549,0.04488363264817109
-84.0,35.96027659153516,0.05495914203054511
-83.0,30.74654106749286,0.06537880268181404
-82.0,26.84716888569392,0.07614899521870916
-81.0,23.820731286703438,0.08727585414097597
-80.0,21.40358891449296,0.09876523657042927
-79.0,19.428572967685138,0.11062268978211633
-78.0,17.784558770003393,0.12285341759077406
-77.0,16.394796344322817,0.13546224566832873
-76.0,15.204573461045177,0.14845358588129898
-75.0,14.173836063523696,0.16183139975051136
-74.0,13.27258791012769,0.17559916114948296
-73.0,12.477920428425064,0.18975981837198788
-72.0,11.772036392819,0.20431575571365476
-71.0,11.140899957840832,0.21926875472674412
-70.0,10.573293070650442,0.23461995532140087
-69.0,10.060142360590323,0.2503698169005264
-68.0,9.594030176680182,0.26651807972872377
-67.0,9.168833560997568,0.28306372674844926
-66.0,8.779453736786403,0.30000494606824235
-65.0,8.421610697760736,0.3173390943586287
-64.0,8.09168532525652,0.3350626614006848
-63.0,7.786596680046632,0.35317123604017525
-62.0,7.503705653792345,0.3716594738064168
-61.0,7.2407386026371,0.390521066459363
-60.0,6.995726290082172,0.40974871373069655
-59.0,6.766954674985119,0.42933409752475105
-58.0,6.552924948644462,0.4492678588427568
-57.0,6.352320855986897,0.46953957768902377
-56.0,6.163981799901917,0.4901377562102202
-55.0,5.98688057297999,0.5110498053087211
-54.0,5.820104821289506,0.532262034958105
-53.0,5.6628415456741195,0.5537596484332615
-52.0,5.514364109612668,0.5755267406492448
-51.0,5.374021379468982,0.5975463007820969
-50.0,5.241228853732377,0.6198002193214415
-49.0,5.1154623017284875,0.6422692996789297
-48.0,4.996258008457411,0.6649332744487723
-47.0,4.8832653951368625,0.6877708263868846
-46.0,4.791332832181936,0.7107596141439068
-45.0,4.767830938940874,0.7338763027548175
-44.0,4.745562927772682,0.7570965988544482
-43.0,4.723698680308472,0.7803952905542754
-42.0,4.702210464816576,0.8037462918818027
-41.0,4.68110058092844,0.8271226916501127
-40.0,4.6603767685110515,0.8504968065921481
-39.0,4.640048154870673,0.8738402385623897
-38.0,4.620124173662358,0.897123935578277
-37.0,4.600614190714346,0.9203182564453474
-36.0,4.581527351426946,0.9433930386839935
-35.0,4.562872511677846,0.9663176694523264
-34.0,4.544658204866856,0.9890611591391903
-33.0,4.526892626513486,1.0115922172840925
-32.0,4.509583628352294,1.0338793304669829
-31.0,4.4927387181852305,1.055890841800514
-30.0,4.476365063704803,1.0775950316507512
-29.0,4.460469499492058,1.0989601992093578
-28.0,4.445058536984417,1.1199547445409084
-27.0,4.430138377660001,1.1405472507332401
-26.0,4.415714930147692,1.1607065657863933
-25.0,4.401793832565072,1.180401883886504
-24.0,4.388380482236162,1.1996028257248659
-23.0,4.375480076191205,1.2182795175388073
-22.0,4.363097667604995,1.2364026685698437
-21.0,4.351238245384122,1.2539436466553482
-20.0,4.339906845040133,1.2708745516922568
-19.0,4.329108693550093,1.287168286734933
-18.0,4.318849364548691,1.302798626513478
-17.0,4.309134845291264,1.317740283183465
-16.0,4.299971286132479,1.3319689691426029
-15.0,4.291364171949651,1.3454614567739431
-14.0,4.283317104800334,1.35819563499858
-13.0,4.275831153623461,1.370150562542963
-12.0,4.268905470545537,1.3813065178466413
-11.0,4.262538545321335,1.391645045555372
-10.0,4.256729100605166,1.4011489995615973
-9.0,4.251476385952521,1.4098025825694118
-8.0,4.246780128731899,1.4175913821740087
-7.0,4.242640386455727,1.42450240345623
-6.0,4.239057408365564,1.430524098101232
-5.0,4.236031532586145,1.4356463900564187
-4.0,4.233563116040976,1.4398606977478083
-3.0,4.231652488242291,1.4431599528759953
-2.0,4.230299921040012,1.445538615813024
-1.0,4.229505608638748,1.4469926876200288
0.0,4.229269654084085,1.4475197187026345
1.0,4.229592059749754,1.4471188141171365
2.0,4.230472720231946,1.4457906355356778
3.0,4.231911416618779,1.4435373998733878
4.0,4.23390781146231,1.4403628745748784
5.0,4.236461444012035,1.4362723695522033
6.0,4.239571725419951,1.4312727257614621
7.0,4.243237933727248,1.4253723004010774
8.0,4.247459208510532,1.4185809487117667
9.0,4.252234545112028,1.4109100023564332
10.0,4.257562788411369,1.402372244358157
11.0,4.263442626120401,1.3929818805760767
12.0,4.269872581600254,1.3827545077026597
13.0,4.276851006213505,1.3717070777716578
14.0,4.284376071234978,1.3598578591740507
15.0,4.292445759353288,1.3472263941895626
16.0,4.301057855802375,1.3338334530539069
17.0,4.310209939168357,1.3197009845966343
18.0,4.319899371922316,1.3048520635013434
19.0,4.330123290734342,1.2893108342587993
20.0,4.3408785966286025,1.273102451904043
21.0,4.352161945043571,1.2562530196506196
22.0,4.363969735865738,1.2387895235582627
23.0,4.376298103510285,1.2207397643944995
24.0,4.38914290712747,1.2021322868752362
25.0,4.402499721021085,1.18299630649413
26.0,4.416363825374494,1.1633616341750184
27.0,4.430730197393551,1.1432585990054653
28.0,4.445593502995378,1.1227179693321478
29.0,4.4609480892019855,1.101770872519977
30.0,4.476787977444129,1.0804487136961243
31.0,4.493106858055212,1.058783093817087
32.0,4.509898086356373,1.0368057274113232
33.0,4.527154680938192,1.0145483603614092
34.0,4.544869325098895,0.9920426880979486
35.0,4.563034373035721,0.9693202745823305
36.0,4.581641863578622,0.9464124724567531
37.0,4.600683546596124,0.9233503447375768
38.0,4.620150932066493,0.9001645884220628
39.0,4.6400353826157605,0.8768854603688462
40.0,4.66032829641632,0.8535427057991839
41.0,4.681021497180841,0.8301654897492934
42.0,4.702108161677805,0.8067823317840652
43.0,4.72358539926646,0.7834210442594286
44.0,4.74546335322527,0.7601086743949053
45.0,4.7678139241263295,0.7368714503897315
46.0,4.791550004911254,0.7137347317858032
47.0,4.867016544718214,0.6907229642488839
48.0,4.978590619529806,0.6678596389065306
49.0,5.096750566748658,0.6451672563473592
50.0,5.221484723000341,0.6226672953521131
51.0,5.35320181021043,0.6003801863928452
52.0,5.4924047700556615,0.5783252899028314
53.0,5.639664216294632,0.5565208792869956
54.0,5.795619087239104,0.5349841286109516
55.0,5.960983635796652,0.5137311048766666
56.0,6.136557412741657,0.49277676476443816
57.0,6.323237684339089,0.472134955694672
58.0,6.5220344302752,0.45181842103904374
59.0,6.734088356968313,0.4318388092891839
60.0,6.960692565630327,0.41220668697221274
61.0,7.203318725731015,0.3929315550863128
62.0,7.46364886250717,0.3740218688161436
63.0,7.743614202215619,0.3554850602772489
64.0,8.045442965641334,0.337327564030695
65.0,8.37171960570502,0.319554845103887
66.0,8.725458815732207,0.3021714292507807
67.0,9.110198789237225,0.28518093518440224
68.0,9.530119836812924,0.26858610851655906
69.0,9.990196784324937,0.25238885714369863
70.0,10.49639693491059,0.23659028782387506
71.0,11.05594032055346,0.22119074369750316
72.0,11.677646374456529,0.20618984251385217
73.0,12.372402465592938,0.1915865153357895
74.0,13.153807381668095,0.1773790455069931
75.0,14.03907103014572,0.16356510767844978
76.0,15.0502978396989,0.15014180670438057
77.0,16.216359382125013,0.13710571623158235
78.0,17.575697967016527,0.1244529168203746
79.0,19.18064996361215,0.11217903344971257
80.0,21.10434538919109,0.10027927227343565
81.0,23.452172324141358,0.0887484565089042
82.0,26.38176631683304,0.07758106135332753
83.0,30.139966788475817,0.06677124783677747
84.0,35.136310845859725,0.056312895534134544
85.0,42.10352251494841,0.04619963407091674
86.0,52.49466489405179,0.03642487337006749
87.0,69.65678755641727,0.02698183259822935
88.0,103.40841463277347,0.017863567780803984
89.0,200.31387653322324,0.00906299806512603
90.0,3113.948936060485,0.0005729306203820881
91.0,230.25544787328013,-0.007613915828563719
92.0,111.10401978455181,-0.015504888828489492
93.0,73.24976303725579,-0.02310738137429309
94.0,54.65258014213172,-0.030428812416342176
95.0,43.59697894261987,-0.03747660867480888
96.0,36.26840440655876,-0.04425818773220364
97.0,31.05368921335501,-0.050780942371063044
98.0,27.153250395234508,-0.057052226120124866
99.0,24.125615934724717,-0.06307933996927986
100.0,21.707128776463477,-0.06886952021110386
101.0,19.730613119320704,-0.07442992736479331
102.0,18.08494208282034,-0.07976763613682962
103.0,16.693365744624007,-0.08488962637162424
104.0,15.501173035352412,-0.08980277494473109
105.0,14.468311618489622,-0.09451384855089623
106.0,13.564787268778577,-0.0990294973392275
107.0,12.767693598820244,-0.10335624934806266
108.0,12.059235676868974,-0.10750050569266907
109.0,11.425380034747336,-0.11146853645967708
110.0,10.854911072778407,-0.11526647726311735
111.0,10.338757951143897,-0.11890032641805946
112.0,9.869505634362888,-0.12237594268911657
113.0,9.441033875007584,-0.1256990435724585
114.0,9.048246715222808,-0.1288752040714481
115.0,8.686867093686002,-0.13190985592755483
116.0,8.353278987913168,-0.1348082872697948
117.0,8.04440474609511,-0.13757564264757338
118.0,7.757608810506564,-0.1402169234134587
119.0,7.49062149813984,-0.14273698842406657
120.0,7.241478289756275,-0.14514055502889767
121.0,7.008471590581801,-0.14743220031859705
122.0,6.790114297766964,-0.14961636260572692
123.0,6.585127259556098,-0.15169734311272487
124.0,6.392868652059733,-0.15367930784326697
125.0,6.35168987583442,-0.15556628961475494
126.0,6.355343131979697,-0.1573621902311074
127.0,6.358512708814662,-0.15907078277643616
128.0,6.361181843741352,-0.16069571401154137
129.0,6.363355525127465,-0.16224050685645616
130.0,6.365042196408419,-0.16370856294350933
131.0,6.366251723034056,-0.16510316522655324
132.0,6.366994931002999,-0.16642748063313623
133.0,6.367283458748115,-0.16768456274745067
134.0,6.367129696611048,-0.1688773545129084
135.0,6.3665467561270574,-0.17000869094413815
136.0,6.365548450642806,-0.17108130183910228
137.0,6.364149280349373,-0.17209781448286188
138.0,6.362364418813472,-0.1730607563353224
139.0,6.360209699664633,-0.17397255769601574
140.0,6.357701602798025,-0.1748355543396739
141.0,6.35485723982365,-0.1756519901169877
142.0,6.351694338755702,-0.17642401951553574
143.0,6.348231228214653,-0.1771537101764305
144.0,6.34448682182402,-0.17784304536273324
145.0,6.340480604207569,-0.17849392637616077
146.0,6.33623262140292,-0.1791081749190477
147.0,6.331763481468263,-0.179687535398919
148.0,6.327094377764855,-0.18023367717340186
149.0,6.322247164004616,-0.18074819673352857
150.0,6.3172445561323585,-0.18123261982379898
151.0,6.312110683471406,-0.18168840349763393
152.0,6.30687279016681,-0.18211693810711282
153.0,6.301567985557834,-0.18251954922610247
154.0,6.2962883995783745,-0.18289749950609482
155.0,6.293133255765148,-0.18325199046424487
156.0,6.3052003535426175,-0.18358416420326634
157.0,6.318211266731786,-0.18389510506297613
158.0,6.330765775003527,-0.18418584120341175
159.0,6.342808531562547,-0.18445734611954645
160.0,6.354324746328385,-0.18471054008772197
161.0,6.365306883223635,-0.1849462915439998
162.0,6.375749648606512,-0.185165418394694
163.0,6.385648714368828,-0.18536868925940647
164.0,6.395000288380843,-0.1855568246469275
165.0,6.403800942037934,-0.1857304980643962
166.0,6.412047531957572,-0.18589033706014313
167.0,6.419737161077202,-0.18603692420065024
168.0,6.42686715797714,-0.18617079798207417
169.0,6.433435065314684,-0.18629245367677447
170.0,6.439438633102503,-0.18640234411529225
171.0,6.444875814692196,-0.18650088040420518
172.0,6.449744764327965,-0.18658843258027272
173.0,6.454043835638772,-0.18666533020126452
174.0,6.457771580702861,-0.1867318628738405
175.0,6.460926749464364,-0.18678828071881903
176.0,6.463508289365918,-0.1868347947741432
177.0,6.4655153451103295,-0.18687157733581714
178.0,6.46694725849466,-0.18689876223704757
179.0,6.4678035682791775,-0.18691644506578778
180.0,6.468084010065443,-0.1869246833208422
