pose,gravity,fk_vs_measured_mm,fk_vs_measured_deg,measured_vs_target_mm,converged,condition
travail,True,0.2817792417142101,0.030347082054537393,0.2692668205618656,True,4.228973983857435
x+20mm,True,0.15327266039436016,0.03291182554328939,0.11830543462044638,True,4.267143218357551
y-20mm,True,0.254664388500113,0.036340143252530446,0.2609607486692908,True,4.2633277084765115
z+30mm,True,0.28154612655639505,0.031441929531586144,0.2709631173419269,True,4.59329065341553
roll+8,True,0.24825598648847128,0.029695632201013063,0.24553277391058115,True,4.294780197061242
pitch-8,True,0.4839910646925476,0.029757228188706734,0.47439893457802,True,4.30741027084312
yaw+20,True,0.2557003666350741,0.024646074990172906,0.27513263271482236,True,4.340793366327788
combinee,True,0.24455046151669602,0.03539755508760223,0.37268748630349746,True,4.611764273745582
travail,False,9.946537138497264e-05,4.997935907771112e-06,0.00013041330530066952,True,4.22926972708469
x+20mm,False,0.0019766569585337544,0.00011254467577174862,0.0020664022780947366,True,4.267319240944787
y-20mm,False,0.0026745049411247557,0.00010245122373425353,0.002992520193940279,True,4.263382597070476
z+30mm,False,0.0018212967408407028,8.906077950849109e-05,0.002156245711981697,True,4.59354618371009
roll+8,False,0.0049364681794753975,0.00021143752278430185,0.005266850573948378,True,4.295069182395345
pitch-8,False,0.000632312794106269,2.4393531055145156e-05,0.0007020082114783666,True,4.307578413922094
yaw+20,False,0.002534366144265136,0.000995192469840589,0.0029147351958830336,True,4.340879550874189
combinee,False,0.0009700045796659507,5.3800568053929965e-05,0.0012400849057625507,True,4.612004812120632
